subid,counter,trialtype,percentage,colorasked,diffshape,diffcolor,targetshape,targetcolor,distractorshape,distractorcolor,targetword, numclicks,date,timestamp,rttrain,rttest,object1name,object2name,object3name,attnselected
100,2,3,25,false,true,true,J,teal,D,blue,dax,0,5/8/2018,6:14,13222,"16309
",toma,blicket,gade,"dax
"
114,2,3,44,false,true,true,I,green,G,purple,toma,0,5/8/2018,10:27,6159,"4948
",sprock,dax,blicket,"toma
"
215,2,4,33,false,true,false,C,teal,D,teal,toma,3,5/8/2018,8:17,8681,"10716
",wug,gade,sprock,"toma
"
19,2,2,10,true,true,false,I,orange,A,orange,gade,2,5/8/2018,10:29,11474,"9726
",dax,sprock,toma,"gade
"
108,2,2,50,true,true,false,J,teal,F,teal,sprock,0,5/8/2018,7:35,21379,"38743
",toma,blicket,gade,"sprock
"
258,2,3,100,false,true,true,G,tan,A,blue,sprock,0,5/8/2018,10:11,4193,"6557
",dax,blicket,gade,"sprock
"
135,2,1,38,true,true,true,F,tan,A,yellow,sprock,0,5/8/2018,10:46,5834,"7194
",wug,gade,dax,"sprock
"
253,2,4,70,false,true,false,F,teal,D,teal,blicket,2,5/8/2018,9:10,6520,"8296
",dax,toma,gade,"blicket
"
14,2,2,100,true,true,false,J,gray,D,gray,sprock,0,5/8/2018,23:42,18726,"34779
",blicket,toma,gade,"sprock
"
307,2,4,67,false,true,false,F,orange,C,orange,toma,0,5/8/2018,10:12,4665,"7833
",sprock,wug,blicket,"toma
"
83,2,3,85,false,true,true,D,blue,J,orange,toma,0,5/8/2018,9:11,6920,"11088
",blicket,wug,gade,"toma
"
28,2,2,9,true,true,false,H,yellow,C,yellow,gade,0,5/8/2018,11:36,5527,"7865
",dax,sprock,toma,"gade
"
198,2,2,98,true,true,false,I,teal,J,teal,sprock,1,5/8/2018,10:05,11367,"8702
",gade,wug,dax,"sprock
"
33,2,2,31,true,true,false,J,gray,B,gray,wug,2,5/8/2018,10:30,6760,"5621
",sprock,toma,dax,"wug
"
233,2,3,99,false,true,true,A,blue,G,tan,wug,0,5/8/2018,10:10,10774,"13142
",dax,toma,gade,"wug
"
65,2,4,100,false,true,false,A,teal,D,teal,sprock,0,5/8/2018,10:23,6478,"29335
",blicket,wug,dax,"sprock
"
156,2,2,75,true,true,false,I,yellow,G,yellow,blicket,0,5/8/2018,10:14,12224,"7181
",dax,toma,wug,"blicket
"
240,2,1,7,true,true,true,I,green,J,teal,toma,0,5/8/2018,10:12,8244,"5341
",sprock,gade,wug,"toma
"
335,2,1,100,true,true,true,C,gray,D,green,blicket,0,5/8/2018,11:33,3589,"16542
",gade,wug,sprock,"blicket
"
232,2,4,100,false,true,false,D,tan,A,tan,blicket,1,5/8/2018,10:07,7658,"6611
",dax,sprock,gade,"blicket
"
46,2,4,50,false,true,false,E,red,A,red,gade,0,5/8/2018,10:10,6229,"13664
",blicket,dax,sprock,"gade
"
55,2,1,40,true,true,true,J,gray,B,blue,dax,0,5/8/2018,8:30,5631,"10824
",gade,wug,sprock,"dax
"
250,2,1,23,true,true,true,H,purple,C,gray,blicket,1,5/8/2018,3:51,13738,"7436
",dax,gade,toma,"blicket
"
330,2,1,27,true,true,true,I,teal,B,yellow,dax,0,5/8/2018,7:24,6056,"3831
",toma,sprock,gade,"sprock
"
149,2,2,20,true,true,false,F,purple,C,purple,wug,0,5/8/2018,7:08,14605,"12441
",dax,sprock,blicket,"wug
"
245,2,3,71,false,true,true,C,purple,D,red,toma,5,5/8/2018,7:11,13954,"11804
",wug,dax,blicket,"toma
"
322,2,1,20,true,true,true,F,red,G,purple,wug,0,5/8/2018,10:16,3252,"7879
",toma,gade,sprock,"wug
"
203,2,4,99,false,true,false,F,blue,D,blue,wug,0,5/8/2018,9:40,4634,"6272
",dax,toma,gade,"wug
"
222,2,4,2,false,true,false,E,gray,J,gray,wug,3,5/8/2018,7:14,8180,"12645
",blicket,toma,dax,"wug
"
338,2,2,16,true,true,false,A,tan,B,tan,sprock,0,5/8/2018,10:36,21796,"9666
",wug,dax,blicket,"sprock
"
91,2,1,50,true,true,true,A,tan,H,pink,gade,0,5/8/2018,9:50,6248,"12957
",blicket,sprock,wug,"gade
"
287,2,2,11,true,true,false,C,gray,E,gray,gade,0,5/8/2018,11:36,10122,"11470
",toma,sprock,dax,"gade
"
71,2,3,18,false,true,true,F,purple,C,red,wug,0,5/8/2018,10:15,10726,"11443
",dax,blicket,gade,"wug
"
109,2,2,75,true,true,false,J,purple,D,purple,toma,4,5/8/2018,10:25,11432,"14688
",gade,blicket,dax,"toma
"
162,2,1,20,true,true,true,D,pink,A,purple,toma,0,5/8/2018,10:40,4655,"12098
",blicket,dax,sprock,"toma
"
243,2,1,15,true,true,true,D,purple,J,orange,gade,0,5/8/2018,9:28,12928,"35316
",toma,blicket,wug,"gade
"
246,2,4,40,false,true,false,J,red,D,red,gade,1,5/8/2018,10:18,17177,"33007
",blicket,dax,sprock,"dax
"
296,2,3,70,false,true,true,G,blue,C,red,gade,0,5/8/2018,9:17,10751,"10641
",wug,blicket,dax,"gade
"
205,2,1,71,true,true,true,H,yellow,B,blue,blicket,0,5/8/2018,2:50,15245,"15841
",sprock,gade,dax,"blicket
"
209,2,2,21,true,true,false,D,orange,C,orange,blicket,0,5/8/2018,4:45,4939,"8461
",toma,dax,wug,"blicket
"
50,2,1,7,true,true,true,E,gray,B,red,wug,0,5/8/2018,7:24,6123,"9541
",sprock,toma,dax,"wug
"
22,2,4,0,false,true,false,E,yellow,G,yellow,blicket,2,5/8/2018,10:39,8811,"3831
",toma,wug,sprock,"blicket
"
278,2,3,15,false,true,true,D,orange,A,teal,gade,0,5/8/2018,1:17,7924,"17670
",blicket,dax,sprock,"gade
"
27,2,3,25,false,true,true,F,red,E,orange,blicket,4,5/8/2018,3:54,13910,"13636
",gade,wug,sprock,"blicket
"
10,2,4,67,false,true,false,I,teal,D,teal,dax,0,5/8/2018,7:42,4003,"3907
",gade,toma,wug,"dax
"
220,2,2,100,true,true,false,J,gray,E,gray,wug,0,5/8/2018,10:19,9282,"6762
",sprock,gade,dax,"wug
"
51,2,1,50,true,true,true,E,red,I,blue,toma,0,5/8/2018,10:31,5267,"8769
",sprock,wug,blicket,"toma
"
2,2,4,79,false,true,false,B,orange,E,orange,wug,0,5/8/2018,10:08,5426,"5860
",toma,dax,blicket,"wug
"
331,2,3,10,false,true,true,H,pink,I,purple,blicket,0,5/8/2018,10:11,15286,"15164
",sprock,toma,dax,"blicket
"
35,2,4,50,false,true,false,C,red,F,red,gade,15,5/8/2018,10:07,31656,"14886
",blicket,dax,wug,"gade
"
186,2,4,100,false,true,false,G,green,D,green,dax,0,5/8/2018,7:32,4961,"13555
",wug,sprock,gade,"dax
"
269,2,1,100,true,true,true,C,green,H,yellow,dax,0,5/8/2018,7:08,4715,"10747
",toma,wug,blicket,"dax
"
179,2,4,20,false,true,false,F,yellow,B,yellow,wug,0,5/8/2018,22:24,10157,"16485
",sprock,blicket,dax,"wug
"
262,2,1,50,true,true,true,D,yellow,I,gray,dax,0,5/8/2018,10:39,3549,"7162
",sprock,wug,gade,"dax
"
15,2,1,50,true,true,true,F,orange,D,yellow,dax,0,5/8/2018,11:17,4068,"16788
",sprock,blicket,wug,"dax
"
311,2,1,70,true,true,true,I,teal,E,green,dax,0,5/8/2018,7:41,3351,"8152
",blicket,gade,sprock,"dax
"
9,2,1,25,true,true,true,H,green,A,blue,sprock,0,5/8/2018,8:36,4153,"8699
",blicket,wug,dax,"sprock
"
127,2,3,0,false,true,true,H,teal,J,blue,dax,0,5/8/2018,5:58,4395,"12010
",gade,wug,toma,"dax
"
36,2,2,50,true,true,false,A,teal,I,teal,toma,2,5/8/2018,21:32,6035,"7649
",dax,blicket,wug,"toma
"
317,2,2,25,true,true,false,B,purple,A,purple,dax,0,5/8/2018,10:25,4833,"7112
",wug,blicket,gade,"dax
"
281,2,2,96,true,true,false,A,orange,H,orange,blicket,3,5/8/2018,10:23,24230,"7626
",toma,wug,sprock,"blicket
"
248,2,3,80,false,true,true,J,tan,A,orange,gade,1,5/8/2018,10:43,5408,"9254
",toma,blicket,wug,"gade
"
54,2,4,20,false,true,false,F,blue,E,blue,gade,0,5/8/2018,2:11,6031,"10934
",sprock,wug,toma,"gade
"
261,2,3,52,false,true,true,I,purple,G,tan,wug,0,5/8/2018,5:39,4591,"5340
",gade,toma,dax,"wug
"
284,2,1,0,true,true,true,D,teal,I,green,wug,1,5/8/2018,11:28,5216,"2316
",gade,blicket,toma,"gade
"
273,2,3,23,false,true,true,A,gray,F,yellow,wug,0,5/8/2018,10:18,8438,"5936
",sprock,dax,blicket,"wug
"
11,2,2,11,true,true,false,B,orange,C,orange,blicket,0,5/8/2018,9:30,5936,"13729
",toma,gade,sprock,"blicket
"
274,2,4,8,false,true,false,D,purple,J,purple,toma,5,5/8/2018,7:41,11927,"10190
",wug,sprock,dax,"toma
"
64,2,4,25,false,true,false,H,pink,A,pink,dax,0,5/8/2018,9:55,21358,"12912
",toma,gade,wug,"dax
"
276,2,4,89,false,true,false,A,red,J,red,blicket,0,5/8/2018,9:48,4993,"9220
",wug,gade,toma,"blicket
"
3,2,3,35,false,true,true,E,teal,H,blue,gade,3,5/8/2018,5:43,18009,"7382
",wug,toma,dax,"gade
"
251,2,3,10,false,true,true,H,gray,G,tan,wug,0,5/8/2018,7:25,10673,"14446
",blicket,gade,toma,"wug
"
315,2,3,95,false,true,true,D,red,I,yellow,wug,0,5/8/2018,10:18,6124,"11768
",gade,dax,sprock,"wug
"
224,2,1,10,true,true,true,C,teal,I,green,sprock,0,5/8/2018,10:14,20097,"20530
",dax,blicket,wug,"sprock
"
318,2,3,50,false,true,true,E,teal,D,blue,dax,0,5/8/2018,20:08,8474,"13255
",toma,blicket,wug,"dax
"
4,2,3,0,false,true,true,C,yellow,G,teal,wug,2,5/8/2018,9:21,11450,"1889
",sprock,blicket,toma,"wug
"
299,2,3,66,false,true,true,G,green,A,gray,toma,0,5/8/2018,10:06,11588,"7251
",sprock,gade,wug,"toma
"
310,2,1,44,true,true,true,D,orange,E,yellow,wug,0,5/8/2018,11:38,2697,"5644
",blicket,sprock,gade,"wug
"
136,2,2,27,true,true,false,I,teal,J,teal,wug,6,5/8/2018,10:18,21518,"7844
",gade,toma,blicket,"wug
"
174,2,2,0,true,true,false,D,purple,F,purple,gade,0,5/8/2018,9:11,4543,"1320
",wug,dax,blicket,"gade
"
134,2,1,15,true,true,true,A,gray,B,pink,wug,0,5/8/2018,4:17,4366,"16092
",dax,sprock,blicket,"wug
"
87,2,1,100,true,true,true,G,orange,D,pink,sprock,0,5/8/2018,0:10,4068,"8478
",blicket,gade,wug,"sprock
"
185,2,2,45,true,true,false,B,purple,J,purple,blicket,3,5/8/2018,10:58,11534,"4448
",toma,sprock,gade,"blicket
"
128,2,2,52,true,true,false,D,red,C,red,gade,0,5/8/2018,4:23,10451,"19621
",sprock,dax,toma,"gade
"
320,2,3,30,false,true,true,A,red,C,tan,sprock,0,5/8/2018,4:48,7615,"16816
",dax,gade,toma,"sprock
"
196,2,2,29,true,true,false,D,green,J,green,wug,2,5/8/2018,9:07,9948,"6308
",gade,toma,dax,"wug
"
325,2,1,25,true,true,true,B,tan,D,yellow,blicket,0,5/8/2018,7:16,9929,"27091
",wug,dax,gade,"blicket
"
178,2,1,1,true,true,true,I,pink,H,yellow,toma,0,5/8/2018,10:03,4016,"13239
",blicket,gade,dax,"toma
"
131,2,1,69,true,true,true,G,orange,F,green,dax,0,5/8/2018,9:34,3363,"6719
",wug,blicket,sprock,"dax
"
244,2,4,30,false,true,false,J,tan,F,tan,sprock,0,5/8/2018,9:51,3688,"6459
",wug,gade,dax,"sprock
"
283,2,4,50,false,true,false,C,teal,A,teal,blicket,0,5/8/2018,10:27,11882,"18235
",sprock,toma,gade,"blicket
"
225,2,3,64,false,true,true,H,tan,B,orange,dax,0,5/8/2018,10:29,9041,"15335
",sprock,wug,blicket,"dax
"
259,2,1,1,true,true,true,H,teal,G,yellow,sprock,0,5/8/2018,4:03,9380,"7435
",dax,toma,blicket,"sprock
"
73,2,1,25,true,true,true,J,tan,B,gray,wug,0,5/8/2018,9:28,3582,"12447
",dax,blicket,toma,"wug
"
333,2,4,51,false,true,false,E,tan,D,tan,dax,0,5/8/2018,4:02,9681,"12048
",blicket,sprock,gade,"dax
"
241,2,2,90,true,true,false,H,red,B,red,blicket,0,5/7/2018,22:42,6815,"14053
",gade,toma,dax,"blicket
"
266,2,1,0,true,true,true,H,pink,D,red,wug,4,5/8/2018,3:57,39306,"48430
",blicket,toma,sprock,"wug
"
31,2,2,100,true,true,false,D,blue,A,blue,toma,0,5/8/2018,11:39,4864,"9622
",sprock,dax,wug,"toma
"
78,2,4,18,false,true,false,G,pink,J,pink,toma,0,5/8/2018,8:23,6081,"8543
",dax,blicket,gade,"toma
"
304,2,2,25,true,true,false,H,green,D,green,wug,0,5/8/2018,10:42,5458,"13456
",blicket,sprock,dax,"wug
"
193,2,1,48,true,true,true,C,purple,F,gray,toma,0,5/8/2018,6:08,3050,"6039
",sprock,dax,gade,"toma
"
97,2,4,20,false,true,false,I,pink,C,pink,dax,2,5/8/2018,11:30,7954,"11504
",wug,toma,sprock,"dax
"
117,2,1,30,true,true,true,E,purple,I,orange,wug,0,5/8/2018,8:17,7396,"7836
",sprock,gade,dax,"wug
"
125,2,1,11,true,true,true,H,yellow,J,gray,blicket,0,5/8/2018,8:30,8455,"9664
",toma,gade,wug,"blicket
"
111,2,1,20,true,true,true,B,gray,F,pink,gade,1,5/8/2018,8:46,12314,"20112
",wug,toma,dax,"gade
"
264,2,1,22,true,true,true,C,tan,I,green,gade,0,5/8/2018,11:41,3487,"12884
",blicket,sprock,wug,"gade
"
95,2,3,100,false,true,true,F,purple,G,teal,toma,1,5/8/2018,10:52,4217,"7365
",sprock,dax,gade,"toma
"
173,2,2,20,true,true,false,E,pink,F,pink,dax,0,5/8/2018,1:44,11494,"21290
",blicket,wug,gade,"dax
"
34,2,3,53,false,true,true,F,tan,H,purple,dax,0,5/8/2018,7:18,5877,"8607
",gade,sprock,blicket,"dax
"
80,2,4,20,false,true,false,B,tan,D,tan,gade,1,5/8/2018,9:45,8653,"11774
",dax,sprock,blicket,"gade
"
32,2,4,0,false,true,false,C,tan,J,tan,gade,0,5/8/2018,9:18,4943,"1158
",wug,dax,blicket,"gade
"
236,2,4,25,false,true,false,E,tan,F,tan,toma,0,5/8/2018,7:38,4288,"7711
",sprock,gade,dax,"toma
"
86,2,1,15,true,true,true,E,teal,G,green,toma,1,5/8/2018,10:33,6058,"5480
",wug,sprock,gade,"toma
"
271,2,2,20,true,true,false,B,green,I,green,sprock,6,5/8/2018,10:27,21504,"13206
",gade,blicket,wug,"sprock
"
92,2,3,20,false,true,true,J,red,B,tan,blicket,0,5/8/2018,10:18,8015,"11992
",wug,dax,toma,"blicket
"
217,2,4,20,false,true,false,J,pink,B,pink,sprock,1,5/8/2018,3:24,9788,"4758
",wug,dax,blicket,"sprock
"
16,2,3,82,false,true,true,J,yellow,H,gray,dax,0,5/8/2018,9:12,4154,"5636
",sprock,gade,toma,"dax
"
26,2,4,100,false,true,false,H,green,A,green,blicket,0,5/8/2018,10:08,13248,"15220
",gade,dax,toma,"blicket
"
8,2,2,52,true,true,false,F,yellow,B,yellow,toma,0,5/8/2018,10:31,10552,"16782
",dax,wug,blicket,"toma
"
151,2,3,83,false,true,true,A,red,J,teal,blicket,3,5/8/2018,10:10,11204,"4677
",gade,toma,dax,"blicket
"
289,2,3,36,false,true,true,G,red,E,orange,toma,6,5/8/2018,4:52,43206,"5393
",blicket,gade,sprock,"toma
"
280,2,4,79,false,true,false,C,gray,G,gray,sprock,0,5/8/2018,10:30,3718,"4874
",wug,blicket,gade,"sprock
"
115,2,1,5,true,true,true,J,gray,I,yellow,blicket,0,5/8/2018,3:53,9259,"12661
",toma,gade,dax,"blicket
"
199,2,2,20,true,true,false,E,purple,I,purple,toma,1,5/8/2018,10:26,7578,"8580
",blicket,gade,sprock,"toma
"
294,2,3,100,false,true,true,B,orange,D,red,wug,4,5/8/2018,5:50,10529,"10609
",gade,dax,blicket,"wug
"
346,2,1,15,true,true,true,B,tan,G,teal,sprock,0,5/8/2018,9:16,5091,"8830
",gade,dax,toma,"sprock
"
200,2,2,20,true,true,false,E,teal,H,teal,sprock,1,5/8/2018,8:34,14901,"14361
",gade,toma,wug,"sprock
"
249,2,4,15,false,true,false,C,pink,G,pink,blicket,1,5/8/2018,9:15,7881,"13141
",gade,wug,toma,"blicket
"
53,2,3,26,false,true,true,D,tan,H,gray,gade,0,5/8/2018,9:11,24546,"21814
",wug,toma,sprock,"gade
"
302,2,3,88,false,true,true,B,tan,J,pink,wug,0,5/8/2018,10:48,4806,"6872
",toma,blicket,sprock,"wug
"
12,2,2,45,true,true,false,J,teal,F,teal,toma,0,5/8/2018,10:23,5414,"10250
",blicket,wug,sprock,"toma
"
268,2,2,20,true,true,false,I,green,H,green,sprock,0,5/8/2018,11:36,6996,"28853
",toma,gade,blicket,"sprock
"
84,2,1,0,true,true,true,E,tan,G,teal,sprock,0,5/8/2018,11:06,6072,"7656
",gade,blicket,toma,"sprock
"
89,2,4,85,false,true,false,D,green,F,green,blicket,0,5/8/2018,9:11,3823,"8127
",sprock,dax,wug,"blicket
"
102,2,2,28,true,true,false,G,teal,A,teal,gade,0,5/8/2018,10:14,7055,"6967
",toma,blicket,sprock,"gade
"
301,2,1,66,true,true,true,H,gray,J,blue,dax,0,5/8/2018,9:26,3165,"10565
",wug,sprock,blicket,"dax
"
23,2,3,5,false,true,true,G,yellow,F,teal,toma,0,5/8/2018,9:39,4012,"13682
",gade,sprock,blicket,"toma
"
105,2,4,56,false,true,false,D,tan,G,tan,toma,0,5/8/2018,10:16,5595,"12203
",gade,sprock,wug,"toma
"
1,2,3,86,false,true,true,C,pink,G,gray,sprock,0,5/8/2018,10:35,3588,"6857
",toma,blicket,wug,"sprock
"
63,2,1,97,true,true,true,H,orange,J,tan,gade,0,5/8/2018,10:56,12245,"11185
",blicket,toma,dax,"gade
"
190,2,2,90,true,true,false,B,orange,F,orange,blicket,1,5/8/2018,9:44,7965,"16126
",sprock,wug,dax,"blicket
"
18,2,4,100,false,true,false,C,tan,D,tan,gade,1,5/8/2018,9:29,17523,"18645
",toma,sprock,blicket,"gade
"
228,2,2,60,true,true,false,G,gray,I,gray,dax,0,5/8/2018,7:19,13661,"14613
",wug,gade,sprock,"dax
"
328,2,4,75,false,true,false,H,orange,F,orange,dax,0,5/8/2018,10:24,8830,"5432
",sprock,toma,gade,"dax
"
56,2,1,80,true,true,true,I,orange,J,pink,dax,0,5/8/2018,10:29,4275,"12409
",toma,sprock,blicket,"dax
"
323,2,2,49,true,true,false,J,blue,F,blue,wug,0,5/8/2018,11:20,4767,"6540
",blicket,sprock,gade,"wug
"
139,2,4,50,false,true,false,C,teal,D,teal,sprock,4,5/8/2018,2:27,9030,"16953
",wug,gade,dax,"sprock
"
252,2,2,0,true,true,false,E,teal,G,teal,blicket,1,5/8/2018,10:26,11804,"2756
",gade,wug,toma,"blicket
"
177,2,1,75,true,true,true,B,tan,H,teal,dax,0,5/8/2018,11:01,5854,"13920
",blicket,toma,sprock,"dax
"
163,2,2,0,true,true,false,A,yellow,E,yellow,toma,0,5/8/2018,17:31,6145,"3314
",gade,sprock,blicket,"toma
"
172,2,4,65,false,true,false,B,orange,C,orange,blicket,0,5/8/2018,10:21,6478,"11935
",wug,sprock,gade,"blicket
"
234,2,3,73,false,true,true,E,green,I,tan,wug,2,5/8/2018,9:11,10038,"8575
",dax,gade,toma,"dax
"
265,2,3,20,false,true,true,F,yellow,J,tan,gade,9,5/8/2018,4:24,19115,"9831
",dax,wug,sprock,"gade
"
185,2,1,62,true,true,true,H,red,F,yellow,dax,0,5/8/2018,10:57,5022,"12554
",wug,gade,blicket,"dax
"
242,2,4,31,false,true,false,A,orange,B,orange,dax,0,5/8/2018,4:07,3111,"4224
",blicket,wug,gade,"dax
"
79,2,3,61,false,true,true,C,green,A,orange,blicket,0,5/8/2018,18:31,4002,"7092
",toma,wug,dax,"blicket
"
344,2,4,31,false,true,false,D,gray,E,gray,dax,0,5/8/2018,9:33,3509,"8323
",sprock,gade,toma,"dax
"
254,2,2,14,true,true,false,D,red,J,red,dax,0,5/8/2018,3:20,5914,"9949
",sprock,wug,blicket,"dax
"
327,2,4,5,false,true,false,H,blue,C,blue,blicket,0,5/8/2018,9:50,11332,"8489
",wug,dax,sprock,"blicket
"
59,2,2,22,true,true,false,F,green,A,green,wug,1,5/8/2018,4:33,8257,"8707
",sprock,toma,gade,"wug
"
152,2,3,72,false,true,true,H,gray,G,purple,dax,4,5/8/2018,9:10,14628,"3311
",wug,sprock,toma,"dax
"
285,2,2,53,true,true,false,I,blue,C,blue,dax,2,5/8/2018,10:40,4990,"3268
",blicket,gade,sprock,"dax
"
72,2,4,59,false,true,false,D,green,I,green,sprock,0,5/8/2018,6:03,20935,"10085
",wug,toma,blicket,"sprock
"
13,2,4,0,false,true,false,H,pink,F,pink,dax,0,5/8/2018,10:14,4561,"2442
",sprock,gade,toma,"dax
"
303,2,1,93,true,true,true,I,red,J,teal,gade,0,5/8/2018,11:30,5021,"6600
",wug,dax,toma,"gade
"
300,2,3,89,false,true,true,B,red,F,blue,blicket,0,5/8/2018,7:35,4220,"6238
",sprock,wug,toma,"blicket
"
144,2,1,23,true,true,true,A,purple,E,orange,blicket,0,5/8/2018,7:20,4273,"7858
",gade,dax,wug,"blicket
"
313,2,3,85,false,true,true,C,teal,A,yellow,toma,0,5/8/2018,11:05,5719,"5745
",sprock,wug,dax,"toma
"
337,2,2,53,true,true,false,C,yellow,A,yellow,dax,1,5/8/2018,4:46,8857,"11484
",toma,blicket,wug,"dax
"
112,2,1,16,true,true,true,E,green,A,red,dax,0,5/8/2018,10:18,7086,"39598
",gade,sprock,blicket,"dax
"
167,2,3,50,false,true,true,I,purple,C,green,gade,0,5/8/2018,9:31,7329,"11328
",toma,wug,sprock,"gade
"
187,2,2,71,true,true,false,F,red,G,red,toma,0,5/8/2018,11:31,7077,"7894
",dax,blicket,wug,"toma
"
116,2,4,74,false,true,false,I,orange,G,orange,gade,1,5/8/2018,10:07,11784,"4443
",sprock,toma,blicket,"gade
"
57,2,4,52,false,true,false,J,gray,C,gray,wug,0,5/8/2018,9:21,10926,"7451
",sprock,gade,blicket,"wug
"
138,2,2,77,true,true,false,J,red,B,red,gade,4,5/8/2018,10:42,13527,"15205
",blicket,toma,dax,"gade
"
255,2,4,100,false,true,false,D,teal,G,teal,wug,0,5/8/2018,10:20,7070,"23216
",toma,dax,sprock,"wug
"
150,2,3,14,false,true,true,E,purple,D,tan,wug,0,5/8/2018,10:38,5062,"12612
",blicket,sprock,dax,"wug
"
143,2,1,10,true,true,true,C,tan,G,purple,dax,0,5/8/2018,1:26,6880,"24556
",gade,sprock,toma,"dax
"
321,2,1,16,true,true,true,H,purple,F,orange,dax,0,5/8/2018,10:27,3325,"6405
",wug,gade,toma,"dax
"
153,2,1,27,true,true,true,J,yellow,D,pink,blicket,0,5/8/2018,11:32,2654,"7715
",gade,toma,sprock,"blicket
"
227,2,2,13,true,true,false,F,orange,C,orange,toma,0,5/8/2018,9:16,7744,"13139
",wug,sprock,gade,"toma
"
58,2,3,54,false,true,true,G,pink,A,purple,dax,0,5/8/2018,10:17,5770,"9361
",gade,blicket,sprock,"dax
"
141,2,1,100,true,true,true,E,gray,J,green,blicket,0,5/8/2018,10:54,3495,"6901
",toma,wug,gade,"blicket
"
295,2,3,30,false,true,true,H,teal,J,orange,blicket,4,5/8/2018,10:56,11429,"9015
",dax,wug,sprock,"blicket
"
272,2,2,15,true,true,false,J,red,C,red,dax,4,5/8/2018,7:15,9912,"10106
",gade,blicket,wug,"dax
"
336,2,2,15,true,true,false,J,red,G,red,wug,0,5/8/2018,10:36,3404,"4466
",sprock,dax,toma,"wug
"
341,2,4,0,false,true,false,G,yellow,C,yellow,gade,3,5/8/2018,9:28,7903,"1315
",sprock,wug,blicket,"wug
"
166,2,4,50,false,true,false,C,red,I,red,dax,0,5/8/2018,10:28,4192,"14076
",sprock,blicket,wug,"dax
"
204,2,2,18,true,true,false,H,yellow,J,yellow,sprock,0,5/8/2018,8:33,12046,"18505
",gade,dax,wug,"sprock
"
218,2,2,98,true,true,false,H,yellow,C,yellow,wug,0,5/8/2018,11:38,5498,"8366
",blicket,dax,toma,"wug
"
17,2,4,59,false,true,false,I,red,C,red,blicket,4,5/8/2018,10:09,9530,"8130
",dax,gade,toma,"blicket
"
70,2,4,74,false,true,false,G,orange,C,orange,wug,0,5/8/2018,10:14,4325,"5758
",dax,gade,blicket,"wug
"
207,2,4,80,false,true,false,H,blue,J,blue,blicket,0,5/8/2018,4:00,4426,"20167
",sprock,gade,dax,"blicket
"
194,2,3,48,false,true,true,E,pink,B,gray,blicket,0,5/8/2018,10:09,5298,"14537
",wug,toma,gade,"blicket
"
332,2,1,18,true,true,true,F,purple,C,blue,sprock,0,5/8/2018,9:57,4068,"4551
",blicket,wug,dax,"sprock
"
124,2,3,8,false,true,true,B,green,G,pink,toma,0,5/8/2018,11:07,20170,"14375
",blicket,wug,sprock,"toma
"
94,2,1,22,true,true,true,J,purple,H,gray,dax,0,5/8/2018,8:16,33790,"10132
",gade,wug,toma,"dax
"
345,2,3,15,false,true,true,F,teal,C,purple,blicket,0,5/8/2018,10:14,3909,"11191
",sprock,gade,wug,"blicket
"
41,2,3,25,false,true,true,H,red,C,blue,dax,2,5/8/2018,9:32,14478,"11940
",sprock,toma,gade,"dax
"
101,2,3,43,false,true,true,D,red,F,green,blicket,0,5/8/2018,9:11,3379,"5523
",dax,sprock,toma,"blicket
"
260,2,1,23,true,true,true,F,teal,J,blue,dax,0,5/8/2018,7:05,7915,"9629
",sprock,wug,toma,"dax
"
75,2,2,21,true,true,false,E,orange,B,orange,toma,0,5/8/2018,9:26,5562,"10119
",gade,wug,sprock,"toma
"
257,2,1,15,true,true,true,D,pink,J,gray,sprock,0,5/8/2018,10:30,3878,"15808
",blicket,wug,dax,"sprock
"
159,2,2,17,true,true,false,G,pink,H,pink,wug,0,5/8/2018,8:16,7721,"4536
",sprock,blicket,dax,"wug
"
47,2,2,50,true,true,false,C,pink,J,pink,dax,4,5/8/2018,10:39,13493,"31464
",blicket,toma,gade,"dax
"
66,2,2,34,true,true,false,B,orange,A,orange,toma,0,5/8/2018,10:22,8694,"10342
",sprock,blicket,dax,"blicket
"
40,2,4,19,false,true,false,B,pink,C,pink,gade,0,5/8/2018,9:55,9084,"13162
",dax,wug,sprock,"gade
"
239,2,4,27,false,true,false,D,yellow,H,yellow,sprock,1,5/8/2018,10:45,10600,"7998
",wug,gade,blicket,"sprock
"
45,2,3,99,false,true,true,G,teal,D,blue,dax,2,5/8/2018,17:59,15023,"11030
",gade,toma,sprock,"dax
"
201,2,2,45,true,true,false,J,tan,F,tan,gade,0,5/8/2018,9:34,6472,"11965
",wug,dax,toma,"gade
"
113,2,3,5,false,true,true,A,tan,E,gray,blicket,0,5/8/2018,10:10,3306,"6566
",toma,wug,gade,"blicket
"
154,2,3,100,false,true,true,I,orange,G,teal,toma,0,5/8/2018,10:40,5270,"15257
",sprock,gade,wug,"toma
"
38,2,4,23,false,true,false,A,tan,I,tan,toma,5,5/8/2018,9:19,14999,"8585
",dax,gade,blicket,"toma
"
126,2,2,0,true,true,false,G,green,E,green,dax,0,5/8/2018,11:32,4701,"2152
",gade,wug,toma,"dax
"
76,2,3,60,false,true,true,I,green,H,red,wug,0,5/8/2018,7:11,4980,"7294
",gade,toma,blicket,"wug
"
263,2,4,5,false,true,false,D,gray,C,gray,gade,1,5/8/2018,9:48,9666,"6807
",blicket,toma,sprock,"gade
"
140,2,1,5,true,true,true,J,purple,G,orange,dax,0,5/8/2018,0:53,2645,"6786
",gade,sprock,blicket,"dax
"
275,2,2,0,true,true,false,D,yellow,G,yellow,dax,0,5/8/2018,19:50,4970,"3678
",toma,wug,gade,"dax
"
142,2,2,100,true,true,false,J,teal,G,teal,blicket,0,5/8/2018,10:18,6256,"14663
",toma,wug,dax,"blicket
"
168,2,2,100,true,true,false,J,pink,A,pink,blicket,0,5/8/2018,1:11,5155,"7364
",gade,dax,toma,"blicket
"
305,2,1,55,true,true,true,E,tan,J,teal,toma,0,5/8/2018,9:39,2988,"8608
",dax,gade,blicket,"toma
"
176,2,1,76,true,true,true,H,blue,C,teal,sprock,1,5/8/2018,9:25,5993,"8983
",toma,dax,blicket,"sprock
"
181,2,1,50,true,true,true,B,pink,E,tan,toma,0,5/8/2018,9:27,4940,"17317
",sprock,blicket,wug,"toma
"
288,2,1,21,true,true,true,B,purple,H,green,sprock,0,5/8/2018,10:05,3381,"3945
",gade,wug,dax,"sprock
"
221,2,4,51,false,true,false,C,purple,B,purple,sprock,1,5/8/2018,10:07,5214,"6640
",toma,dax,gade,"sprock
"
30,2,4,0,false,true,false,D,red,A,red,wug,0,5/8/2018,10:30,6923,"4472
",sprock,dax,gade,"wug
"
49,2,3,35,false,true,true,H,green,A,purple,blicket,0,5/8/2018,9:34,4635,"11645
",sprock,dax,toma,"blicket
"
77,2,2,20,true,true,false,F,orange,D,orange,wug,3,5/8/2018,8:04,9921,"14918
",sprock,toma,dax,"wug
"
103,2,3,70,false,true,true,H,green,B,gray,dax,0,5/8/2018,9:29,7019,"16085
",gade,wug,sprock,"dax
"
216,2,1,19,true,true,true,E,blue,D,orange,wug,0,5/8/2018,8:31,5942,"11816
",toma,dax,sprock,"wug
"
212,2,1,20,true,true,true,C,pink,I,red,sprock,0,5/8/2018,1:17,7811,"27472
",gade,blicket,wug,"sprock
"
69,2,4,100,false,true,false,F,green,D,green,toma,0,5/8/2018,10:07,3962,"6816
",sprock,blicket,wug,"toma
"
316,2,2,100,true,true,false,C,orange,D,orange,gade,0,5/8/2018,11:26,10208,"8518
",blicket,dax,wug,"gade
"
191,2,1,5,true,true,true,H,purple,C,red,blicket,0,5/8/2018,10:20,5558,"6202
",sprock,dax,toma,"blicket
"
277,2,3,100,false,true,true,H,orange,D,teal,gade,0,5/8/2018,10:41,11197,"20341
",dax,wug,toma,"gade
"
169,2,4,0,false,true,false,H,orange,E,orange,blicket,9,5/8/2018,7:08,15761,"1317
",sprock,gade,dax,"blicket
"
147,2,1,54,true,true,true,J,gray,A,orange,sprock,0,5/8/2018,10:45,5964,"8378
",gade,toma,wug,"sprock
"
5,2,1,20,true,true,true,J,blue,E,yellow,blicket,0,5/8/2018,9:20,5115,"9267
",wug,dax,gade,"blicket
"
267,2,2,25,true,true,false,I,orange,B,orange,gade,0,5/8/2018,5:33,10283,"12567
",sprock,blicket,toma,"gade
"
39,2,1,20,true,true,true,E,purple,I,pink,dax,0,5/8/2018,6:02,4126,"7284
",sprock,gade,wug,"dax
"
188,2,3,100,false,true,true,G,yellow,B,red,blicket,0,5/8/2018,9:17,10142,"24761
",gade,toma,sprock,"blicket
"
6,2,2,100,true,true,false,F,gray,A,gray,sprock,0,5/8/2018,10:34,3528,"6456
",dax,gade,blicket,"sprock
"
279,2,1,5,true,true,true,A,yellow,H,orange,gade,0,5/8/2018,8:48,6682,"7759
",blicket,wug,toma,"gade
"
329,2,4,94,false,true,false,H,teal,I,teal,sprock,0,5/8/2018,7:17,9530,"5510
",gade,toma,wug,"sprock
"
129,2,1,46,true,true,true,G,purple,F,blue,wug,7,5/8/2018,19:32,24070,"6549
",blicket,gade,sprock,"gade
"
182,2,3,66,false,true,true,C,yellow,I,gray,dax,0,5/8/2018,5:40,4854,"21916
",gade,wug,sprock,"dax
"
314,2,2,85,true,true,false,J,red,E,red,dax,0,5/8/2018,2:51,5480,"9218
",sprock,gade,wug,"dax
"
210,2,1,25,true,true,true,F,red,D,teal,blicket,0,5/8/2018,7:57,4433,"14496
",toma,wug,gade,"blicket
"
68,2,2,100,true,true,false,J,red,I,red,dax,0,5/8/2018,8:37,6414,"7458
",toma,sprock,blicket,"dax
"
334,2,1,30,true,true,true,E,red,I,teal,dax,0,5/8/2018,9:17,6869,"11540
",blicket,toma,sprock,"dax
"
104,2,2,51,true,true,false,F,gray,E,gray,toma,1,5/8/2018,7:39,13136,"7798
",wug,sprock,gade,"toma
"
81,2,3,75,false,true,true,B,red,A,gray,toma,0,5/8/2018,9:14,7397,"14342
",blicket,dax,sprock,"toma
"
98,2,4,20,false,true,false,J,pink,C,pink,sprock,0,5/8/2018,11:32,4362,"10638
",gade,dax,wug,"sprock
"
118,2,1,20,true,true,true,J,blue,F,purple,blicket,0,5/8/2018,11:34,2786,"16349
",toma,sprock,dax,"blicket
"
123,2,3,63,false,true,true,B,red,C,orange,sprock,0,5/8/2018,10:10,6484,"9281
",toma,gade,blicket,"sprock
"
197,2,4,26,false,true,false,H,red,E,red,dax,0,5/8/2018,10:27,8158,"11331
",blicket,wug,gade,"dax
"
110,2,3,0,false,true,true,J,yellow,F,tan,gade,0,5/8/2018,10:38,4854,"6767
",dax,toma,sprock,"gade
"
107,2,3,0,false,true,true,A,pink,H,yellow,gade,0,5/8/2018,7:12,8449,"10245
",dax,blicket,sprock,"gade
"
319,2,4,14,false,true,false,A,teal,H,teal,gade,0,5/8/2018,9:41,5691,"10637
",dax,wug,blicket,"gade
"
293,2,3,99,false,true,true,J,yellow,G,pink,blicket,0,5/8/2018,7:33,10340,"10268
",gade,toma,dax,"blicket
"
171,2,1,50,true,true,true,H,tan,D,purple,dax,0,5/8/2018,9:01,19217,"11428
",blicket,toma,wug,"dax
"
256,2,4,50,false,true,false,G,teal,B,teal,blicket,3,5/8/2018,4:50,15936,"14469
",sprock,dax,gade,"blicket
"
290,2,1,78,true,true,true,H,teal,F,purple,gade,0,5/8/2018,11:32,3618,"9796
",blicket,toma,wug,"gade
"
340,2,2,0,true,true,false,D,orange,B,orange,wug,1,5/8/2018,9:33,23090,"2659
",dax,toma,sprock,"sprock
"
211,2,4,90,false,true,false,J,blue,E,blue,wug,4,5/8/2018,9:36,8799,"4579
",gade,blicket,toma,"wug
"
342,2,4,29,false,true,false,G,yellow,E,yellow,toma,0,5/8/2018,10:14,5076,"12827
",blicket,gade,wug,"toma
"
7,2,2,32,true,true,false,G,tan,B,tan,wug,2,5/8/2018,9:39,4778,"4651
",blicket,sprock,dax,"wug
"
286,2,3,88,false,true,true,E,purple,I,blue,wug,0,5/8/2018,10:15,5127,"10069
",toma,dax,sprock,"wug
"
185,2,4,61,false,true,false,B,red,I,red,wug,0,5/8/2018,10:58,9008,"3566
",toma,sprock,gade,"wug
"
306,2,2,14,true,true,false,F,blue,E,blue,dax,0,5/8/2018,11:39,6654,"15990
",wug,blicket,sprock,"dax
"
155,2,1,50,true,true,true,C,yellow,H,teal,sprock,0,5/8/2018,5:52,3986,"10251
",dax,gade,wug,"gade
"
309,2,1,80,true,true,true,G,gray,J,blue,toma,1,5/8/2018,7:21,6539,"12477
",sprock,blicket,dax,"toma
"
20,2,4,90,false,true,false,D,orange,I,orange,blicket,0,5/8/2018,7:08,5536,"16621
",gade,wug,toma,"blicket
"
175,2,1,33,true,true,true,F,yellow,B,teal,dax,0,5/8/2018,10:22,5607,"9361
",blicket,toma,wug,"dax
"
157,2,2,10,true,true,false,I,blue,C,blue,blicket,0,5/8/2018,10:22,5314,"10811
",gade,wug,toma,"blicket
"
132,2,3,7,false,true,true,F,red,H,pink,wug,2,5/8/2018,7:40,7803,"6223
",blicket,toma,gade,"wug
"
223,2,1,33,true,true,true,J,tan,G,yellow,blicket,0,5/8/2018,4:43,4999,"14282
",dax,gade,wug,"blicket
"
99,2,1,50,true,true,true,B,green,C,tan,sprock,0,5/8/2018,10:12,5006,"9522
",gade,blicket,toma,"sprock
"
119,2,1,36,true,true,true,D,teal,F,yellow,toma,0,5/8/2018,11:23,7931,"6663
",sprock,gade,dax,"toma
"
298,2,1,20,true,true,true,H,teal,J,yellow,dax,0,5/8/2018,10:18,8216,"12695
",wug,sprock,gade,"dax
"
219,2,1,19,true,true,true,A,gray,D,tan,dax,0,5/8/2018,10:39,3716,"7102
",wug,blicket,sprock,"dax
"
106,2,4,17,false,true,false,J,yellow,D,yellow,blicket,1,5/8/2018,9:46,9379,"4977
",gade,toma,sprock,"blicket
"
161,2,3,50,false,true,true,F,purple,H,pink,blicket,1,5/8/2018,7:18,16365,"17253
",gade,dax,toma,"blicket
"
21,2,4,50,false,true,false,C,yellow,H,yellow,gade,3,5/8/2018,10:15,5829,"3543
",toma,sprock,wug,"gade
"
214,2,2,87,true,true,false,I,gray,E,gray,sprock,0,5/8/2018,11:25,8160,"11508
",wug,gade,blicket,"sprock
"
164,2,3,65,false,true,true,B,orange,G,purple,wug,0,5/8/2018,7:33,7120,"24980
",sprock,gade,dax,"wug
"
235,2,1,75,true,true,true,A,green,G,red,blicket,0,5/8/2018,8:40,3752,"10439
",gade,toma,sprock,"blicket
"
339,2,4,91,false,true,false,G,orange,D,orange,sprock,0,5/8/2018,8:28,5440,"4959
",toma,wug,gade,"sprock
"
343,2,4,22,false,true,false,D,teal,J,teal,wug,0,5/8/2018,10:20,6512,"9675
",toma,dax,blicket,"wug
"
96,2,1,20,true,true,true,E,red,G,blue,blicket,0,5/8/2018,7:30,3304,"9310
",wug,gade,toma,"blicket
"
88,2,4,100,false,true,false,E,green,D,green,toma,0,5/8/2018,10:09,24306,"14198
",blicket,wug,gade,"toma
"
291,2,1,50,true,true,true,C,gray,H,yellow,gade,0,5/8/2018,0:56,2672,"12841
",sprock,dax,blicket,"gade
"
74,2,1,15,true,true,true,F,teal,I,green,dax,6,5/8/2018,3:51,70547,"43104
",wug,blicket,toma,"dax
"
61,2,3,7,false,true,true,H,tan,F,yellow,gade,0,5/8/2018,11:17,4883,"11220
",dax,toma,blicket,"gade
"
137,2,3,0,false,true,true,F,pink,B,gray,dax,0,5/8/2018,10:15,5953,"4863
",gade,toma,blicket,"dax
"
326,2,3,80,false,true,true,A,blue,H,pink,toma,0,5/8/2018,7:43,6081,"9721
",sprock,wug,blicket,"toma
"
67,2,1,18,true,true,true,C,blue,B,pink,sprock,0,5/8/2018,10:22,3942,"7730
",blicket,gade,wug,"sprock
"
230,2,2,34,true,true,false,B,yellow,J,yellow,dax,1,5/8/2018,10:23,9952,"6702
",blicket,wug,sprock,"dax
"
213,2,4,70,false,true,false,A,gray,E,gray,wug,6,5/8/2018,7:33,18066,"7646
",toma,blicket,gade,"wug
"
82,2,3,0,false,true,true,I,red,G,yellow,toma,0,5/8/2018,9:15,7012,"5399
",dax,gade,sprock,"toma
"
170,2,1,30,true,true,true,B,blue,H,purple,gade,0,5/8/2018,11:30,4659,"17732
",toma,wug,blicket,"gade
"
206,2,1,50,true,true,true,B,blue,C,green,dax,0,5/8/2018,8:04,3448,"6585
",sprock,toma,gade,"dax
"
282,2,3,100,false,true,true,F,teal,B,blue,gade,0,5/8/2018,10:16,9606,"18209
",blicket,sprock,wug,"gade
"
297,2,2,22,true,true,false,G,tan,C,tan,sprock,0,5/8/2018,10:36,4073,"6138
",wug,dax,blicket,"sprock
"
25,2,3,35,false,true,true,G,blue,I,pink,sprock,1,5/8/2018,7:50,22347,"6560
",wug,blicket,gade,"sprock
"
42,2,2,60,true,true,false,I,yellow,J,yellow,sprock,0,5/8/2018,7:22,17324,"10342
",gade,blicket,wug,"sprock
"
52,2,2,25,true,true,false,D,green,B,green,gade,0,5/8/2018,2:20,7648,"17642
",dax,toma,wug,"gade
"
148,2,1,25,true,true,true,G,pink,F,yellow,gade,0,5/8/2018,8:38,4426,"10853
",blicket,dax,wug,"gade
"
195,2,1,30,true,true,true,E,teal,I,pink,dax,0,5/8/2018,9:40,6200,"11543
",gade,sprock,blicket,"dax
"
308,2,2,37,true,true,false,I,teal,H,teal,blicket,0,5/8/2018,9:39,4396,"4859
",toma,wug,gade,"blicket
"
88,2,3,1,false,true,true,C,green,H,gray,blicket,0,5/8/2018,10:08,12306,"10974
",dax,wug,gade,"blicket
"
130,2,2,52,true,true,false,D,teal,B,teal,gade,8,5/8/2018,9:20,26530,"8426
",dax,toma,sprock,"gade
"
24,2,1,1,true,true,true,F,red,E,orange,wug,0,5/8/2018,11:40,3952,"9960
",gade,blicket,dax,"wug
"
146,2,1,26,true,true,true,F,pink,C,red,wug,0,5/8/2018,10:28,6894,"51641
",dax,gade,blicket,"wug
"
133,2,3,10,false,true,true,G,purple,I,gray,blicket,0,5/8/2018,9:35,4374,"6294
",wug,dax,gade,"blicket
"
93,2,4,20,false,true,false,F,purple,C,purple,gade,4,5/8/2018,9:15,12238,"8515
",wug,dax,toma,"gade
"
192,2,2,75,true,true,false,C,purple,B,purple,wug,0,5/8/2018,9:29,10221,"13709
",toma,dax,blicket,"wug
"
29,2,3,21,false,true,true,J,teal,D,green,sprock,25,5/8/2018,9:10,38387,"10667
",blicket,gade,toma,"sprock
"
180,2,2,20,true,true,false,H,red,G,red,wug,0,5/8/2018,1:10,6304,"30338
",blicket,sprock,toma,"wug
"
60,2,2,20,true,true,false,A,yellow,G,yellow,dax,0,5/8/2018,9:15,3316,"4616
",sprock,gade,toma,"dax
"
312,2,2,97,true,true,false,D,blue,B,blue,sprock,0,5/8/2018,11:54,6378,"20848
",toma,wug,dax,"sprock
"
189,2,1,14,true,true,true,F,purple,A,yellow,sprock,0,5/8/2018,4:17,3427,"4219
",gade,toma,dax,"sprock
"
43,2,3,3,false,true,true,E,yellow,H,teal,gade,0,5/8/2018,16:52,16574,"10332
",wug,sprock,toma,"gade
"
160,2,4,100,false,true,false,I,red,B,red,sprock,0,5/8/2018,9:25,4410,"6174
",wug,gade,blicket,"sprock
"
121,2,4,0,false,true,false,I,orange,B,orange,gade,1,5/8/2018,7:32,4406,"1937
",dax,toma,wug,"gade
"
37,2,3,90,false,true,true,B,tan,C,purple,wug,0,5/8/2018,10:27,9003,"23040
",sprock,toma,dax,"wug
"
270,2,1,20,true,true,true,G,purple,H,orange,toma,0,5/8/2018,10:31,3296,"14663
",sprock,blicket,dax,"toma
"
202,2,2,30,true,true,false,G,yellow,H,yellow,wug,1,5/8/2018,8:12,12554,"26127
",dax,blicket,sprock,"wug
"
44,2,1,25,true,true,true,I,blue,H,purple,dax,0,5/8/2018,7:46,3576,"8260
",toma,blicket,sprock,"dax
"
247,2,3,62,false,true,true,G,green,C,red,gade,11,5/8/2018,10:00,44861,"10832
",toma,sprock,blicket,"gade
"
292,2,3,80,false,true,true,I,green,B,blue,toma,0,5/8/2018,10:14,5497,"16567
",blicket,wug,dax,"toma
"
238,2,4,84,false,true,false,I,yellow,G,yellow,blicket,0,5/8/2018,10:26,6070,"12206
",gade,wug,dax,"blicket
"
90,2,3,74,false,true,true,D,teal,A,green,dax,0,5/8/2018,10:34,5191,"10279
",blicket,gade,sprock,"dax
"
183,2,1,0,true,true,true,G,teal,J,pink,sprock,0,5/8/2018,10:24,4369,"3016
",blicket,dax,gade,"sprock
"
145,2,1,63,true,true,true,G,tan,J,teal,dax,0,5/8/2018,9:29,6428,"12950
",toma,blicket,sprock,"dax
"
324,2,4,55,false,true,false,B,red,H,red,sprock,1,5/8/2018,7:07,10663,"8677
",gade,toma,dax,"sprock
"
165,2,2,25,true,true,false,H,gray,G,gray,sprock,0,5/8/2018,8:33,8076,"29479
",toma,wug,blicket,"sprock
"
85,2,3,100,false,true,true,J,teal,H,red,dax,0,5/8/2018,2:19,4964,"9988
",gade,wug,blicket,"dax
"
231,2,3,51,false,true,true,D,gray,B,purple,wug,0,5/8/2018,19:41,6547,"26533
",toma,gade,dax,"dax
"
237,2,3,40,false,true,true,B,pink,J,green,wug,0,5/8/2018,7:39,5388,"6735
",blicket,toma,dax,"wug
"
62,2,3,24,false,true,true,A,gray,H,teal,gade,12,5/8/2018,9:11,14812,"12740
",blicket,dax,toma,"gade
"
122,2,1,26,true,true,true,H,purple,G,green,blicket,0,5/8/2018,11:25,14116,"13736
",sprock,dax,wug,"blicket
"
48,2,4,100,false,true,false,A,blue,F,blue,sprock,2,5/8/2018,8:08,12918,"7881
",gade,toma,dax,"sprock
"
229,2,4,26,false,true,false,E,blue,C,blue,wug,0,5/8/2018,7:12,4660,"7874
",toma,dax,gade,"wug
"
158,2,2,50,true,true,false,H,red,B,red,toma,0,5/8/2018,7:53,10553,"8792
",gade,blicket,sprock,"toma
"
226,2,2,18,true,true,false,A,green,I,green,blicket,0,5/8/2018,8:28,5771,"6394
",toma,gade,sprock,"blicket
"
184,2,2,40,true,true,false,A,teal,J,teal,gade,3,5/8/2018,10:23,13413,"8544
",sprock,blicket,dax,"gade
"
120,2,4,94,false,true,false,E,green,D,green,blicket,2,5/8/2018,10:10,8564,"4632
",sprock,toma,wug,"blicket
"
208,2,3,88,false,true,true,D,yellow,I,tan,blicket,0,5/8/2018,10:11,5742,"10205
",toma,gade,dax,"blicket
"
